{"cameraMode":{"drawMode":0,"name":"Shaded","section":"Shading Mode"},"sceneLighting":true,"audioPlay":false,"sceneViewState":{"m_AlwaysRefresh":false,"showFog":true,"showSkybox":false,"showFlares":true,"showImageEffects":true,"showParticleSystems":true,"showVisualEffectGraphs":true,"m_FxEnabled":true},"in2DMode":false,"pivot":{"x":1.1988779306411744,"y":-0.47052326798439028,"z":6.933916091918945},"rotation":{"x":-0.07474154978990555,"y":-0.0038929262664169075,"z":0.0002821992093231529,"w":-0.9972350597381592},"size":10.40952205657959,"orthographic":false}